<ImportExportXml xmlns:xsi="http://www.w3.org/2001/XMLSchema-instance" OrganizationVersion="9.2.25111.158" OrganizationSchemaType="Standard" CRMServerServiceabilityVersion="9.2.25111.00158">
  <Entities></Entities>
  <Roles></Roles>
  <Workflows></Workflows>
  <FieldSecurityProfiles></FieldSecurityProfiles>
  <Templates />
  <EntityMaps />
  <EntityRelationships />
  <OrganizationSettings />
  <optionsets />
  <CustomControls />
  <EntityDataProviders />
  <CanvasApps>
    <CanvasApp>
      <Name>rk_techsolutionsadvancedprojectmanagement_6635f</Name>
      <AppVersion>2025-08-03T12:10:13Z</AppVersion>
      <Status>Ready</Status>
      <CreatedByClientVersion>3.24102.17.0</CreatedByClientVersion>
      <MinClientVersion>3.24102.17.0</MinClientVersion>
      <Tags>{"primaryDeviceWidth":"1820","primaryDeviceHeight":"706","supportsPortrait":"true","supportsLandscape":"true","primaryFormFactor":"Tablet","showStatusBar":"false","publisherVersion":"3.24102.17","minimumRequiredApiVersion":"2.2.0","hasComponent":"false","hasUnlockedComponent":"false","isUnifiedRootApp":"false","sienaVersion":"20241103T070546Z-3.24102.17.0"}</Tags>
      <IsCdsUpgraded>0</IsCdsUpgraded>
      <GalleryItemId xsi:nil="true"></GalleryItemId>
      <BackgroundColor>RGBA(0,176,240,1)</BackgroundColor>
      <DisplayName>TechSolutions Advanced Project Management</DisplayName>
      <Description xsi:nil="true"></Description>
      <CommitMessage xsi:nil="true"></CommitMessage>
      <Publisher xsi:nil="true"></Publisher>
      <AuthorizationReferences>[]</AuthorizationReferences>
      <ConnectionReferences>{"db9aad93-2c99-43db-b85d-19c7092fede0":{"id":"/providers/microsoft.powerapps/apis/shared_sharepointonline","displayName":"SharePoint","iconUri":"https://conn-afd-prod-endpoint-bmc9bqahasf3grgk.b01.azurefd.net/v1.0.1762/1.0.1762.4298/sharepointonline/icon.png","dataSources":["Project Approvals List","Project Tasks List","Projects List","Resource Allocation List","Clients List","Users Access List"],"dependencies":[],"dependents":[],"parameterHints":{},"parameterHintsV2":{},"isOnPremiseConnection":false,"bypassConsent":false,"dataSets":{"https://m365x99350979.sharepoint.com/sites/TechSolutionsAdvancedProjects/":{"dataSources":{"Project Approvals List":{"tableName":"365f6c74-2bc8-4d53-853d-837719ae1400"},"Project Tasks List":{"tableName":"86dca91c-1019-489c-892d-7ccfe286d3ef"},"Projects List":{"tableName":"d3a84652-b3f3-4fad-a886-cb5357125716"},"Resource Allocation List":{"tableName":"5eaa0a32-355b-497d-ae01-ac5cad65f8cd"},"Clients List":{"tableName":"30f219ae-749b-41e7-9b7d-2ab8f105b391"}}},"https://m365x99350979.sharepoint.com/sites/TechSolutionsAdvancedProjects":{"dataSources":{"Users Access List":{"tableName":"c875c253-e551-4b1b-80b7-50d5e931cc99"}}}},"apiTier":"Standard","actions":["providers/PowerPlatform.Governance/Operations/Read","providers/PowerPlatform.Governance/Operations/Write","providers/PowerPlatform.Governance/Operations/Delete"]},"e317be10-643b-4ce8-8946-a967dbcfe0ac":{"id":"/providers/microsoft.powerapps/apis/shared_office365users","displayName":"Office 365 Users","iconUri":"https://conn-afd-prod-endpoint-bmc9bqahasf3grgk.b01.azurefd.net/v1.0.1751/1.0.1751.4213/office365users/icon.png","dataSources":["Office365Users"],"dependencies":[],"dependents":[],"parameterHints":{},"parameterHintsV2":{},"isOnPremiseConnection":false,"bypassConsent":false,"dataSets":{},"apiTier":"Standard"},"071f2cca-d11d-4e8e-ab2a-8d727b4f214e":{"id":"/providers/microsoft.powerapps/apis/shared_office365","displayName":"Office 365 Outlook","iconUri":"https://conn-afd-prod-endpoint-bmc9bqahasf3grgk.b01.azurefd.net/v1.0.1763/1.0.1763.4311/office365/icon.png","dataSources":["Office365Outlook"],"dependencies":[],"dependents":[],"parameterHints":{},"parameterHintsV2":{},"isOnPremiseConnection":false,"bypassConsent":false,"dataSets":{},"apiTier":"Standard","actions":["SendEmail"]},"8bc1b5b5-2abe-4d34-a333-090069987832":{"id":"/providers/microsoft.powerapps/apis/shared_teams","displayName":"Microsoft Teams","iconUri":"https://conn-afd-prod-endpoint-bmc9bqahasf3grgk.b01.azurefd.net/v1.0.1757/1.0.1757.4256/teams/icon.png","dataSources":["MicrosoftTeams"],"dependencies":[],"dependents":[],"parameterHints":{},"parameterHintsV2":{},"isOnPremiseConnection":false,"bypassConsent":false,"dataSets":{},"apiTier":"Standard"},"1b6489c5-d304-49ae-b729-6577d607b36b":{"id":"/providers/microsoft.powerapps/apis/shared_planner","displayName":"Planner","iconUri":"https://conn-afd-prod-endpoint-bmc9bqahasf3grgk.b01.azurefd.net/v1.0.1756/1.0.1756.4248/planner/icon.png","dataSources":["Planner"],"dependencies":[],"dependents":[],"parameterHints":{},"parameterHintsV2":{},"isOnPremiseConnection":false,"bypassConsent":false,"dataSets":{},"apiTier":"Standard","actions":["ListMyPlans_V2","ListBuckets","CreateTask"]}}</ConnectionReferences>
      <DatabaseReferences>{}</DatabaseReferences>
      <AppComponents>[]</AppComponents>
      <AppComponentDependencies>[]</AppComponentDependencies>
      <CanConsumeAppPass>0</CanConsumeAppPass>
      <CanvasAppType>0</CanvasAppType>
      <BypassConsent>0</BypassConsent>
      <AdminControlBypassConsent>0</AdminControlBypassConsent>
      <EmbeddedApp xsi:nil="true"></EmbeddedApp>
      <IntroducedVersion>1.0</IntroducedVersion>
      <CdsDependencies>{"cdsdependencies":[]}</CdsDependencies>
      <IsCustomizable>1</IsCustomizable>
      <BackgroundImageUri>/CanvasApps/rk_techsolutionsadvancedprojectmanagement_6635f_BackgroundImageUri</BackgroundImageUri>
      <DocumentUri>/CanvasApps/rk_techsolutionsadvancedprojectmanagement_6635f_DocumentUri.msapp</DocumentUri>
    </CanvasApp>
  </CanvasApps>
  <Languages>
    <Language>1033</Language>
  </Languages>
</ImportExportXml>