<ImportExportXml version="9.2.25063.176" SolutionPackageVersion="9.2" languagecode="1033" generatedBy="CrmLive" xmlns:xsi="http://www.w3.org/2001/XMLSchema-instance" OrganizationVersion="9.2.25063.176" OrganizationSchemaType="Standard" CRMServerServiceabilityVersion="9.2.25063.00176">
  <SolutionManifest>
    <UniqueName>Recruitment</UniqueName>
    <LocalizedNames>
      <LocalizedName description="Recruitment " languagecode="1033" />
    </LocalizedNames>
    <Descriptions />
    <Version>1.0.0.1</Version>
    <Managed>0</Managed>
    <Publisher>
      <UniqueName>rk</UniqueName>
      <LocalizedNames>
        <LocalizedName description="RK" languagecode="1033" />
      </LocalizedNames>
      <Descriptions />
      <EMailAddress xsi:nil="true"></EMailAddress>
      <SupportingWebsiteUrl xsi:nil="true"></SupportingWebsiteUrl>
      <CustomizationPrefix>rk</CustomizationPrefix>
      <CustomizationOptionValuePrefix>12617</CustomizationOptionValuePrefix>
      <Addresses>
        <Address>
          <AddressNumber>1</AddressNumber>
          <AddressTypeCode>1</AddressTypeCode>
          <City xsi:nil="true"></City>
          <County xsi:nil="true"></County>
          <Country xsi:nil="true"></Country>
          <Fax xsi:nil="true"></Fax>
          <FreightTermsCode xsi:nil="true"></FreightTermsCode>
          <ImportSequenceNumber xsi:nil="true"></ImportSequenceNumber>
          <Latitude xsi:nil="true"></Latitude>
          <Line1 xsi:nil="true"></Line1>
          <Line2 xsi:nil="true"></Line2>
          <Line3 xsi:nil="true"></Line3>
          <Longitude xsi:nil="true"></Longitude>
          <Name xsi:nil="true"></Name>
          <PostalCode xsi:nil="true"></PostalCode>
          <PostOfficeBox xsi:nil="true"></PostOfficeBox>
          <PrimaryContactName xsi:nil="true"></PrimaryContactName>
          <ShippingMethodCode>1</ShippingMethodCode>
          <StateOrProvince xsi:nil="true"></StateOrProvince>
          <Telephone1 xsi:nil="true"></Telephone1>
          <Telephone2 xsi:nil="true"></Telephone2>
          <Telephone3 xsi:nil="true"></Telephone3>
          <TimeZoneRuleVersionNumber xsi:nil="true"></TimeZoneRuleVersionNumber>
          <UPSZone xsi:nil="true"></UPSZone>
          <UTCOffset xsi:nil="true"></UTCOffset>
          <UTCConversionTimeZoneCode xsi:nil="true"></UTCConversionTimeZoneCode>
        </Address>
        <Address>
          <AddressNumber>2</AddressNumber>
          <AddressTypeCode>1</AddressTypeCode>
          <City xsi:nil="true"></City>
          <County xsi:nil="true"></County>
          <Country xsi:nil="true"></Country>
          <Fax xsi:nil="true"></Fax>
          <FreightTermsCode xsi:nil="true"></FreightTermsCode>
          <ImportSequenceNumber xsi:nil="true"></ImportSequenceNumber>
          <Latitude xsi:nil="true"></Latitude>
          <Line1 xsi:nil="true"></Line1>
          <Line2 xsi:nil="true"></Line2>
          <Line3 xsi:nil="true"></Line3>
          <Longitude xsi:nil="true"></Longitude>
          <Name xsi:nil="true"></Name>
          <PostalCode xsi:nil="true"></PostalCode>
          <PostOfficeBox xsi:nil="true"></PostOfficeBox>
          <PrimaryContactName xsi:nil="true"></PrimaryContactName>
          <ShippingMethodCode>1</ShippingMethodCode>
          <StateOrProvince xsi:nil="true"></StateOrProvince>
          <Telephone1 xsi:nil="true"></Telephone1>
          <Telephone2 xsi:nil="true"></Telephone2>
          <Telephone3 xsi:nil="true"></Telephone3>
          <TimeZoneRuleVersionNumber xsi:nil="true"></TimeZoneRuleVersionNumber>
          <UPSZone xsi:nil="true"></UPSZone>
          <UTCOffset xsi:nil="true"></UTCOffset>
          <UTCConversionTimeZoneCode xsi:nil="true"></UTCConversionTimeZoneCode>
        </Address>
      </Addresses>
    </Publisher>
    <RootComponents>
      <RootComponent type="1" schemaName="aaduser" behavior="1" />
      <RootComponent type="1" schemaName="contact" behavior="1" />
      <RootComponent type="1" schemaName="rk_application" behavior="0" />
      <RootComponent type="1" schemaName="rk_requritmentprocess" behavior="0" />
      <RootComponent type="1" schemaName="rk_role" behavior="0" />
      <RootComponent type="9" schemaName="rk_outcome" behavior="0" />
      <RootComponent type="20" id="{17ebf21f-1653-f011-bec2-000d3ac7062d}" behavior="0" />
      <RootComponent type="29" id="{be9f8070-9a52-f011-877b-000d3ac7062d}" behavior="0" />
      <RootComponent type="62" schemaName="rk_RecruitmentApp" behavior="0" />
      <RootComponent type="80" schemaName="rk_RecruitmentApp" behavior="0" />
      <RootComponent type="300" schemaName="rk_welcomepage_4c180" behavior="0" />
    </RootComponents>
    <MissingDependencies>
      <MissingDependency>
        <Required type="1" schemaName="aaduser" displayName="Microsoft Entra ID" solution="MetadataExtension (1.0.2.109)">
          <package appName="Data Modeling Extensions Package" version="1.0.0.34">msft_AsyncAttributeMetadataApp (1.0.0.34)</package>
        </Required>
        <Dependent type="1" schemaName="aaduser" displayName="Microsoft Entra ID" />
      </MissingDependency>
      <MissingDependency>
        <Required type="61" schemaName="msdyn_/Icons/AnalysisJob.svg" displayName="msdyn_/Icons/AnalysisJob.svg" solution="msdyn_PowerAppsChecker (2.0.0.11)">
          <package appName="PowerAppsChecker" version="2.0.0.11">msdyn_PowerAppsCheckerAnchor (2.0.0.11)</package>
        </Required>
        <Dependent type="62" schemaName="rk_RecruitmentApp" />
      </MissingDependency>
      <MissingDependency>
        <Required type="61" schemaName="msdyn_/Images/AppModule_Default_Icon.png" displayName="msdyn_/Images/AppModule_Default_Icon.png" solution="AppModuleWebResources (2.5)">
          <package appName="AppModule Web Resources Package" version="2.5">AppModuleWebResources (2.5)</package>
        </Required>
        <Dependent type="80" schemaName="rk_RecruitmentApp" displayName="Recruitment App" />
      </MissingDependency>
      <MissingDependency>
        <Required type="66" schemaName="Microsoft.PowerApps.PowerAppsOneGrid" displayName="Microsoft.PowerApps.PowerAppsOneGrid" solution="BaseCustomControlsCore (9.0.2506.3004)">
          <package appName="Base Custom Controls" version="9.0.2506.3004">BaseCustomControlsCore (9.0.2506.3004)</package>
        </Required>
        <Dependent type="26" schemaName="Active Roles" displayName="Active Roles" parentSchemaName="rk_role" parentDisplayName="Role" id="{78740c8a-09c7-4378-b1d2-06f6bd256508}" />
      </MissingDependency>
      <MissingDependency>
        <Required type="SettingDefinition" displayName="AppChannel" solution="msdyn_AppFrameworkInfraExtensions (1.0.0.15)" id.uniquename="AppChannel">
          <package appName="PowerAppsAppFramework Package" version="1.0.0.21">PowerAppsAppFramework_Anchor (1.0.0.21)</package>
        </Required>
        <Dependent type="AppSetting" displayName="parentappmoduleid.uniquename=rk_RecruitmentApp,settingdefinitionid.uniquename=AppChannel" id.parentappmoduleid.uniquename="rk_RecruitmentApp" id.settingdefinitionid.uniquename="AppChannel" />
      </MissingDependency>
      <MissingDependency>
        <Required type="SettingDefinition" displayName="ServerMode" solution="SettingDefinitionsData (9.2.2505.2505231)" id.uniquename="ServerMode">
          <package appName="AppModule" version="9.2.2505.2505231">AppModuleSolutionAnchor (9.2.2505.2505231)</package>
        </Required>
        <Dependent type="AppSetting" displayName="parentappmoduleid.uniquename=rk_RecruitmentApp,settingdefinitionid.uniquename=ServerMode" id.parentappmoduleid.uniquename="rk_RecruitmentApp" id.settingdefinitionid.uniquename="ServerMode" />
      </MissingDependency>
    </MissingDependencies>
  </SolutionManifest>
</ImportExportXml>